Domain,Status,Attractiveness,Demand,Length,Sectors,Created,Expires,Registrar
one.menu,expiring,132,44%,3,"Business,General,Media,Technology",10/03/2014 21:48,18/08/2025 06:15,Wedding TLD2
brief.menu,available,124,19%,5,"Business,Education,General,Law",,,
complete.menu,available,120,21%,8,"Manufacturing,Retail,Technology",,,
wizard.menu,available,118,42%,6,"Entertainment,Media,Technology",,,
equal.menu,available,116,19%,5,"Education,General,Law",,,
tenth.menu,available,116,7%,5,Mathematics,,,
flat.menu,available,116,24%,4,"Construction,Real Estate",,,
tonic.menu,available,114,22%,5,"Health and Fitness,Medicine,Science",,,
zero.menu,available,112,49%,4,Mathematics,,,
above.menu,available,112,22%,5,Business,,,
hotshot.menu,available,112,14%,7,"Business,Entertainment,Sports",,,
acute.menu,available,112,9%,5,"Mathematics,Medicine,Science",,,
abstract.menu,available,108,29%,8,"Arts,Humanities,Science",,,
abiding.menu,available,106,5%,7,"General,Religion",,,
expert.menu,available,104,26%,6,"Business,Education,Technology",,,
teen.menu,available,104,14%,4,"Education,Entertainment,Healthcare",,,
active.menu,available,104,27%,6,"Health and Fitness,Sports,Travel",,,
captive.menu,available,102,14%,7,"Entertainment,Hospitality,Technology",,,
extra.menu,available,102,26%,5,"Fashion,Retail,Technology",,,
absent.menu,available,102,8%,6,"Business,Education,Technology",,,
eight.menu,available,102,23%,5,"General,Mathematics",,,
sixth.menu,available,100,8%,5,Mathematics,,,
third.menu,available,100,16%,5,Mathematics,,,
whiz.menu,available,100,12%,4,"Business,Education,Technology",,,
abrupt.menu,available,100,3%,6,"Medicine,Science",,,
adjunct.menu,available,100,5%,7,Education,,,
ninth.menu,available,100,9%,5,Mathematics,,,
remove.menu,available,100,13%,6,"Construction,Manufacturing,Technology",,,
eighth.menu,available,100,6%,6,Mathematics,,,
crack.menu,available,100,20%,5,Sports,,,
genius.menu,available,98,46%,6,"Arts,Education,Technology",,,
whizz.menu,available,98,11%,5,"Business,Education,Technology",,,
doable.menu,available,96,9%,6,"Business,Education,Technology",,,
academic.menu,available,96,20%,8,"Education,Humanities,Science",,,
actual.menu,available,96,22%,6,"Real Estate,Retail,Technology",,,
forgiving.menu,available,96,3%,9,"Healthcare,Religion",,,
alamode.menu,available,96,12%,9,Fashion,,,
adequate.menu,available,94,9%,8,"Education,Healthcare,Technology",,,
abject.menu,available,94,7%,6,Humanities,,,
around.menu,available,94,22%,6,"Business,General,Media,Technology",,,
about.menu,available,94,28%,5,"Business,General,Media,Technology",,,
virtuoso.menu,available,94,16%,8,"Arts,Entertainment",,,
neutral.menu,available,92,20%,7,"Business,Media,Politics",,,
derelict.menu,available,92,7%,8,"Construction,Real Estate",,,
nought.menu,available,92,4%,6,Mathematics,,,
twentieth.menu,available,92,3%,9,Mathematics,,,
next.menu,available,92,43%,4,"Retail,Technology,Transportation",,,
adept.menu,available,92,24%,5,"Education,Health and Fitness,Sports",,,
abroad.menu,available,92,12%,6,"Hospitality,Travel",,,
exemplary.menu,available,92,5%,9,"Business,Education,Healthcare",,,
adjective.menu,available,92,5%,9,Education,,,
addictive.menu,available,90,9%,9,Healthcare,,,
abortive.menu,available,90,1%,8,"Medicine,Science",,,
riveting.menu,available,90,6%,8,"Entertainment,Media,Technology",,,
endearing.menu,available,90,1%,9,"Entertainment,Fashion,Retail",,,
gripping.menu,available,90,3%,8,"Entertainment,Media,Technology",,,
additional.menu,available,90,8%,10,"Fashion,Retail,Technology",,,
leash.menu,available,90,7%,5,"General,Health and Fitness,Retail",,,
adoring.menu,available,90,2%,7,"Entertainment,Fashion,Retail",,,
proficient.menu,available,88,8%,10,"Education,Health and Fitness,Sports",,,
adlib.menu,available,88,7%,6,Entertainment,,,
ace.menu,available,88,34%,3,Sports,,,
twelve.menu,available,88,18%,6,"General,Mathematics",,,
fifteen.menu,available,88,13%,7,Mathematics,,,
ten.menu,available,88,28%,3,"General,Mathematics",,,
three.menu,available,88,24%,5,Mathematics,,,
activist.menu,available,88,12%,8,"Humanities,Politics",,,
wide.menu,resell,88,18%,4,"Business,Media,Technology",14/02/2019 23:08,14/02/2026 23:08,"NameSilo, LLC"
actionable.menu,available,88,13%,10,"Business,Law",,,
hundred.menu,available,88,14%,7,Mathematics,,,
eleven.menu,available,88,33%,6,Mathematics,,,
sixteen.menu,available,88,11%,7,Mathematics,,,
xix.menu,available,86,11%,3,Mathematics,,,
star.menu,available,86,40%,4,"Entertainment,Media,Sports",,,
aboriginal.menu,available,86,10%,10,Humanities,,,
attendant.menu,available,86,5%,9,"Healthcare,Hospitality,Transportation",,,
adolescent.menu,available,86,3%,10,"Education,Entertainment,Healthcare",,,
engrossing.menu,available,86,0%,10,"Entertainment,Media,Technology",,,
extempore.menu,available,86,3%,9,Entertainment,,,
xiv.menu,available,86,12%,3,Mathematics,,,
intent.menu,available,86,25%,6,"Business,Education,Technology",,,
cipher.menu,available,86,29%,6,Mathematics,,,
recondite.menu,available,86,4%,9,"Arts,Humanities,Science",,,
fourteen.menu,available,84,8%,8,Mathematics,,,
seventeen.menu,available,84,7%,9,Mathematics,,,
thousand.menu,available,84,8%,8,Mathematics,,,
twentyone.menu,available,84,13%,10,Mathematics,,,
nineteen.menu,available,84,8%,8,Mathematics,,,
deviate.menu,available,84,12%,7,"Medicine,Science",,,
accessory.menu,available,84,8%,9,"Fashion,Retail,Technology",,,
acting.menu,available,84,12%,6,Entertainment,,,
twentytwo.menu,available,84,11%,10,Mathematics,,,
grand.menu,available,84,25%,5,"Finance,General",,,
thirteen.menu,available,84,10%,8,Mathematics,,,
adjustable.menu,available,84,3%,10,"Manufacturing,Retail,Technology",,,
enduring.menu,available,82,9%,8,"Health and Fitness,Religion",,,
abenaki.menu,available,82,2%,7,Geography,,,
abroach.menu,available,82,1%,7,Food and Beverage,,,
altered.menu,available,82,9%,7,"Medicine,Science",,,
impromptu.menu,available,82,16%,9,Entertainment,,,
absorbent.menu,available,82,3%,9,"Healthcare,Manufacturing,Retail",,,
decade.menu,available,82,10%,6,Mathematics,,,
dozen.menu,available,82,10%,5,Mathematics,,,
good.menu,available,82,47%,4,"Food and Beverage,General,Health and Fitness,Retail",,,
abkhaz.menu,available,82,1%,6,Geography,,,
cleansing.menu,available,82,3%,9,Health and Fitness,,,
fivesome.menu,available,82,1%,8,Sports,,,
abdominal.menu,available,82,1%,9,"Health and Fitness,Medicine",,,
dorsal.menu,available,80,6%,6,"Medicine,Science",,,
absolute.menu,available,80,25%,8,"Engineering,Mathematics,Science",,,
abundant.menu,available,80,19%,8,"Agriculture,Manufacturing,Retail",,,
sequent.menu,available,80,7%,7,"Healthcare,Insurance,Transportation",,,
twenty.menu,available,80,12%,6,Mathematics,,,
worshipful.menu,available,80,1%,10,"Education,Healthcare,Religion",,,
trio.menu,available,80,21%,4,Entertainment,,,
nine.menu,available,80,24%,4,"General,Mathematics",,,
forty.menu,available,80,9%,5,Mathematics,,,
capable.menu,available,80,12%,7,"Business,Education,Technology",,,
some.menu,available,80,32%,4,"Business,Media,Retail",,,
superstar.menu,available,80,18%,9,Entertainment,,,
seventh.menu,available,80,10%,7,Mathematics,,,
absorbable.menu,available,80,0%,10,"Healthcare,Pharmaceuticals,Science",,,
yard.menu,available,80,26%,4,"Construction,General",,,
first.menu,available,80,36%,5,"General,Mathematics",,,
adoptable.menu,available,80,3%,9,"Education,Healthcare",,,
two.menu,available,80,24%,3,Mathematics,,,
wiz.menu,available,80,30%,3,"Business,Education,Technology",,,
absurd.menu,available,80,16%,6,"Arts,Entertainment,Media",,,
low.menu,available,78,20%,3,"Business,Finance",,,
dormant.menu,available,78,4%,7,"Medicine,Science",,,
honestly.menu,available,78,9%,8,"Business,Law",,,
accidental.menu,available,78,11%,10,"Healthcare,Insurance,Transportation",,,
athletic.menu,available,78,15%,8,"Health and Fitness,Sports",,,
adorable.menu,available,78,8%,8,"Entertainment,Fashion,Retail",,,
sixtynine.menu,available,78,8%,10,Mathematics,,,
abounding.menu,available,78,2%,9,Agriculture,,,
accepted.menu,available,78,6%,8,"Business,Education,Technology",,,
adrenal.menu,available,78,4%,7,"Education,Healthcare,Science",,,
recognised.menu,available,78,3%,10,"Business,Education,Technology",,,
abkhazian.menu,available,78,1%,9,Geography,,,
acceptable.menu,available,78,5%,10,"Business,Hospitality,Retail",,,
accessible.menu,available,78,21%,10,"Healthcare,Retail,Technology",,,
abkhasian.menu,available,78,1%,9,Geography,,,
twentysix.menu,available,78,8%,10,Mathematics,,,
acceptant.menu,available,78,1%,9,"Education,Healthcare",,,
recognized.menu,available,78,3%,10,"Business,Education,Technology",,,
adjacent.menu,available,78,9%,8,"Construction,Real Estate,Retail",,,
accurate.menu,available,78,16%,8,"Engineering,Mathematics,Science",,,
absorptive.menu,available,78,1%,10,"Healthcare,Manufacturing,Retail",,,
hundredth.menu,available,76,1%,9,Mathematics,,,
eighteen.menu,available,76,7%,8,Mathematics,,,
adipose.menu,available,76,2%,7,"Healthcare,Science",,,
firstrate.menu,available,76,6%,10,Business,,,
ventral.menu,available,76,3%,7,Science,,,
thousandth.menu,available,76,1%,10,Mathematics,,,
auxiliary.menu,available,76,7%,9,"Healthcare,Manufacturing,Technology",,,
acoustic.menu,available,76,14%,8,Science,,,
diamond.menu,available,76,32%,7,Fashion,,,
abrasive.menu,available,76,6%,8,"Construction,Manufacturing",,,
energizing.menu,available,76,3%,10,"Food and Beverage,Health and Fitness,Travel",,,
thirteenth.menu,available,76,4%,10,Mathematics,,,
adherent.menu,available,76,4%,8,"Politics,Religion",,,
adaptable.menu,available,76,9%,9,"Business,Education,Technology",,,
obscene.menu,available,76,5%,7,"Entertainment,Media",,,
resultant.menu,available,76,2%,9,"Healthcare,Insurance,Transportation",,,
ancillary.menu,available,76,6%,9,"Healthcare,Manufacturing,Technology",,,
improvise.menu,available,76,4%,9,Entertainment,,,
nineteenth.menu,available,76,3%,10,Mathematics,,,
threed.menu,available,76,7%,7,Technology,,,
adhesive.menu,available,76,7%,8,"Construction,Manufacturing,Technology",,,
incidental.menu,available,76,4%,10,"Healthcare,Insurance,Transportation",,,
addable.menu,available,76,2%,7,"Engineering,Mathematics,Science",,,
fifteenth.menu,available,76,2%,9,Mathematics,,,
adaptive.menu,available,76,28%,8,"Business,Education,Technology",,,
ague.menu,available,76,2%,4,"Geography,Medicine,Science",,,
fourteenth.menu,available,76,1%,10,Mathematics,,,
adrenergic.menu,available,74,1%,10,"Education,Healthcare,Science",,,
mavin.menu,available,74,7%,5,"Entertainment,Fashion,Technology",,,
manageable.menu,available,74,4%,10,"Business,Education,Technology",,,
abnormal.menu,available,74,16%,8,"Medicine,Science",,,
activated.menu,available,74,9%,9,"Healthcare,Manufacturing,Technology",,,
accepting.menu,available,74,3%,9,"Education,Healthcare",,,
acuate.menu,available,74,2%,6,"Engineering,Medicine,Science",,,
skilful.menu,available,74,3%,7,"Education,Health and Fitness,Sports",,,
playing.menu,available,74,12%,7,Entertainment,,,
cleared.menu,available,74,7%,7,"Healthcare,Law,Transportation",,,
aberrant.menu,available,74,6%,8,"Medicine,Science",,,
supra.menu,available,74,25%,5,"Medicine,Science",,,
admirable.menu,available,74,5%,9,"Business,Education,Healthcare",,,
achievable.menu,available,74,4%,10,"Business,Education,Technology",,,
adamant.menu,available,74,14%,7,Religion,,,
sensation.menu,available,74,7%,9,"Entertainment,Media,Sports",,,
adapted.menu,available,74,6%,7,"Healthcare,Manufacturing,Technology",,,
broad.menu,available,74,13%,5,"Entertainment,General,Media",,,
realizable.menu,available,74,1%,10,"Business,Education,Technology",,,
adenoid.menu,available,74,1%,7,"Health and Fitness,Medicine,Science",,,
trinity.menu,available,72,18%,7,Religion,,,
adaptative.menu,available,72,1%,10,"Business,Education,Technology",,,
trey.menu,available,72,14%,4,Sports,,,
deep.menu,expired,72,41%,4,"Engineering,Mathematics,Science",06/07/2024 13:28,06/07/2025 13:28,1API GmbH
accustomed.menu,available,72,1%,10,"Business,Education,Humanities",,,
liv.menu,available,72,27%,3,Mathematics,,,
lovely.menu,available,72,26%,6,"Entertainment,Fashion,Retail",,,
adonic.menu,available,72,2%,6,"Arts,Education,Entertainment",,,
absorbed.menu,available,72,2%,8,"Entertainment,Media,Technology",,,
ternary.menu,available,72,7%,7,Mathematics,,,
champion.menu,available,72,28%,8,"Entertainment,Health and Fitness,Sports",,,
abloom.menu,available,72,5%,6,Agriculture,,,
sixtieth.menu,available,72,1%,8,Mathematics,,,
adjectival.menu,available,72,1%,10,Education,,,
existent.menu,available,72,3%,8,"Mathematics,Science",,,
improvize.menu,available,72,1%,9,Entertainment,,,
engrossed.menu,available,72,1%,9,"Entertainment,Media,Technology",,,
absolutist.menu,available,72,1%,10,"Humanities,Law,Politics",,,
adiabatic.menu,available,72,3%,9,"Engineering,Science",,,
ablaze.menu,available,72,6%,6,Entertainment,,,
abreast.menu,available,72,2%,7,"Business,Technology",,,
seventieth.menu,available,72,1%,10,Mathematics,,,
ninetieth.menu,available,72,1%,9,Mathematics,,,
addicted.menu,available,72,9%,8,Healthcare,,,
accusative.menu,available,72,0%,10,"Humanities,Law",,,
aching.menu,available,72,4%,6,Healthcare,,,
eightieth.menu,available,72,1%,9,Mathematics,,,
adjunctive.menu,available,72,1%,10,"Healthcare,Manufacturing,Technology",,,
accumbent.menu,available,70,1%,9,"Healthcare,Medicine,Science",,,
offhand.menu,available,70,2%,7,Entertainment,,,
abulic.menu,available,70,1%,6,Medicine,,,
abradant.menu,available,70,1%,8,"Construction,Manufacturing",,,
lowdown.menu,available,70,6%,8,"Entertainment,Media",,,
tiptop.menu,available,70,24%,6,Fashion,,,
unity.menu,available,70,40%,5,Mathematics,,,
practiced.menu,available,70,3%,9,"Education,Health and Fitness,Sports",,,
consequent.menu,available,70,3%,10,"Business,Education,General,Technology",,,
absorbing.menu,available,70,3%,9,"Entertainment,Media,Technology",,,
admired.menu,available,70,5%,7,"Business,Education,Healthcare",,,
adjusted.menu,available,70,5%,8,"Manufacturing,Retail,Technology",,,
recumbent.menu,available,70,2%,9,"Healthcare,Medicine,Science",,,
skillful.menu,available,70,9%,8,"Education,Health and Fitness,Sports",,,
adored.menu,available,70,6%,6,"Entertainment,Fashion,Retail",,,
adamantine.menu,available,70,4%,10,Religion,,,
gymnastic.menu,available,70,3%,9,"Entertainment,Sports",,,
acuminate.menu,available,70,1%,9,"Engineering,Medicine,Science",,,
miserable.menu,available,70,4%,9,Humanities,,,
stillborn.menu,available,70,2%,9,"Medicine,Science",,,
licenced.menu,available,68,2%,8,"Business,Healthcare,Insurance",,,
ennead.menu,available,68,5%,6,Mathematics,,,
aculeate.menu,available,68,1%,8,"Engineering,Medicine,Science",,,
abnaki.menu,available,68,1%,6,Geography,,,
sevener.menu,available,68,1%,7,Mathematics,,,
aroused.menu,available,68,3%,7,"Entertainment,Health and Fitness",,,
fortieth.menu,available,68,0%,8,Mathematics,,,
achaian.menu,available,68,2%,7,Humanities,,,
stygian.menu,available,68,5%,7,Humanities,,,
abducent.menu,available,68,0%,8,Medicine,,,
thirtieth.menu,available,68,1%,9,Mathematics,,,
septenary.menu,available,68,1%,9,Mathematics,,,
vindicated.menu,available,68,2%,10,"Humanities,Law,Politics",,,
ane.menu,available,68,12%,3,Mathematics,,,
scurvy.menu,available,68,3%,6,Humanities,,,
ablative.menu,available,68,3%,8,Science,,,
licensed.menu,available,68,5%,8,"Business,Healthcare,Insurance",,,
overseas.menu,available,68,12%,8,"Hospitality,Travel",,,
achaean.menu,available,68,2%,7,Humanities,,,
decorated.menu,available,68,3%,9,"Entertainment,Fashion,Retail",,,
acerate.menu,available,68,1%,7,Science,,,
accredited.menu,available,68,9%,10,"Business,Education,Healthcare",,,
fiftieth.menu,available,68,0%,8,Mathematics,,,
disciple.menu,available,68,14%,8,"Education,Religion",,,
activating.menu,available,68,3%,10,"Healthcare,Manufacturing,Technology",,,
aberdonian.menu,available,68,1%,10,Geography,,,
foursome.menu,available,68,4%,8,Sports,,,
abkhas.menu,available,68,0%,6,Geography,,,
threesome.menu,available,68,5%,9,Entertainment,,,
octonary.menu,available,68,1%,8,Mathematics,,,
clv.menu,available,66,10%,3,Mathematics,,,
eighty.menu,available,66,6%,6,Mathematics,,,
century.menu,available,66,17%,7,Education,,,
adorned.menu,available,66,5%,7,"Entertainment,Fashion,Retail",,,
maven.menu,available,66,30%,5,"Entertainment,Fashion,Technology",,,
xxvi.menu,available,66,3%,4,Mathematics,,,
adopted.menu,available,66,4%,7,"Education,Healthcare",,,
five.menu,available,66,26%,4,Mathematics,,,
xxi.menu,available,66,10%,3,Mathematics,,,
xiii.menu,available,66,9%,4,Mathematics,,,
xxii.menu,available,66,6%,4,Mathematics,,,
acappella.menu,available,66,6%,10,Entertainment,,,
xvii.menu,available,66,5%,4,Mathematics,,,
tenner.menu,available,66,5%,6,Finance,,,
teenager.menu,available,66,4%,8,"Education,Entertainment,Healthcare",,,
four.menu,available,66,27%,4,Mathematics,,,
acervate.menu,available,66,1%,8,Science,,,
latest.menu,available,66,18%,6,Technology,,,
thirty.menu,available,66,8%,6,Mathematics,,,
xii.menu,available,66,10%,3,Mathematics,,,
acrobatic.menu,available,66,4%,9,"Entertainment,Sports",,,
according.menu,available,66,3%,9,"Business,Education,Technology",,,
xviii.menu,available,66,5%,5,Mathematics,,,
six.menu,available,66,26%,3,Mathematics,,,
exonerated.menu,available,66,2%,10,"Humanities,Law,Politics",,,
fifty.menu,available,66,12%,5,Mathematics,,,
buzzing.menu,available,66,7%,7,"Entertainment,Media,Technology",,,
xvi.menu,available,66,5%,3,Mathematics,,,
sextet.menu,available,66,1%,6,Entertainment,,,
xxv.menu,available,66,6%,3,Mathematics,,,
ninety.menu,available,66,11%,6,Mathematics,,,
deuce.menu,available,66,9%,5,Sports,,,
onec.menu,available,66,6%,5,Mathematics,,,
modish.menu,available,66,5%,6,Fashion,,,
performing.menu,available,66,6%,10,Entertainment,,,
abstinent.menu,available,66,1%,9,"Health and Fitness,Religion",,,
accessary.menu,available,66,1%,9,"Business,Law,Technology",,,
aflame.menu,available,64,3%,6,Entertainment,,,
astringent.menu,available,64,1%,10,"Healthcare,Pharmaceuticals",,,
nondrinker.menu,available,64,1%,10,"Health and Fitness,Religion",,,
deviant.menu,available,64,12%,7,"Medicine,Science",,,
acentric.menu,available,64,2%,8,Science,,,
absolved.menu,available,64,1%,8,"Humanities,Law,Religion",,,
rising.menu,available,64,18%,6,"Construction,Manufacturing,Real Estate",,,
ccc.menu,available,64,38%,3,Mathematics,,,
adagio.menu,available,64,14%,6,Entertainment,,,
scatty.menu,available,64,1%,6,"Arts,Entertainment,Media",,,
accordant.menu,available,64,3%,9,"Arts,Entertainment",,,
cumulative.menu,available,62,2%,10,"Banking,Finance,Insurance",,,
roughly.menu,available,62,3%,7,"Business,Media,Technology",,,
acidic.menu,available,62,5%,6,"Food and Beverage,Science",,,
activation.menu,available,62,16%,10,"Healthcare,Manufacturing,Technology",,,
pungent.menu,available,62,1%,7,Food and Beverage,,,
fortyfour.menu,available,62,6%,10,Mathematics,,,
orso.menu,available,62,9%,5,"Business,Media,Technology",,,
troika.menu,available,62,8%,6,Politics,,,
quartet.menu,available,62,7%,7,"Arts,Entertainment",,,
twodozen.menu,available,62,1%,9,Mathematics,,,
wrapped.menu,available,62,13%,7,"Fashion,Hospitality,Retail",,,
longdozen.menu,available,62,2%,10,Mathematics,,,
eleventh.menu,available,62,5%,8,Mathematics,,,
playacting.menu,available,62,1%,10,Entertainment,,,
ensuant.menu,available,62,1%,7,"Healthcare,Insurance,Transportation",,,
abo.menu,available,62,15%,3,Science,,,
aborigine.menu,available,62,1%,9,Humanities,,,
accrued.menu,available,62,2%,7,"Banking,Finance,Insurance",,,
adjuvant.menu,available,62,5%,8,"Healthcare,Manufacturing,Technology",,,
nail.menu,available,62,16%,4,"Construction,Fashion,General,Retail",,,
eighteenth.menu,available,62,1%,10,Mathematics,,,
adoptive.menu,available,62,1%,8,"Education,Healthcare",,,
admissible.menu,available,62,1%,10,"Education,Healthcare,Law",,,
aufait.menu,available,62,3%,7,"Fashion,Media",,,
accusing.menu,available,62,1%,8,Law,,,
chiliad.menu,available,62,2%,7,Mathematics,,,
exculpated.menu,available,62,1%,10,"Humanities,Law,Politics",,,
activistic.menu,available,62,1%,10,"Humanities,Politics",,,
sixteenth.menu,available,62,1%,9,Mathematics,,,
abstemious.menu,available,60,0%,10,"Food and Beverage,Health and Fitness,Hospitality",,,
abstainer.menu,available,60,0%,9,"Health and Fitness,Religion",,,
clx.menu,available,60,10%,3,Mathematics,,,
eightysix.menu,available,60,7%,10,Mathematics,,,
cxxx.menu,available,60,4%,4,Mathematics,,,
thou.menu,available,60,7%,4,Mathematics,,,
octet.menu,available,60,12%,5,Arts,,,
adnexal.menu,available,60,1%,7,"Agriculture,Manufacturing,Retail",,,
sixty.menu,available,60,13%,5,Mathematics,,,
idolised.menu,available,60,1%,8,"Entertainment,Fashion,Retail",,,
cxv.menu,available,60,4%,3,Mathematics,,,
tertiary.menu,available,60,4%,8,Education,,,
aboveboard.menu,available,60,5%,10,"Business,Law",,,
cxlv.menu,available,60,2%,4,Mathematics,,,
cautionary.menu,available,60,1%,10,"Business,Education,Healthcare",,,
acceptive.menu,available,60,1%,9,"Education,Healthcare",,,
xcl.menu,available,60,5%,3,Mathematics,,,
cxx.menu,available,60,10%,3,Mathematics,,,
idolized.menu,available,60,3%,8,"Entertainment,Fashion,Retail",,,
clxv.menu,available,60,1%,4,Mathematics,,,
abashed.menu,available,60,1%,7,Humanities,,,
annexal.menu,available,60,1%,7,"Agriculture,Manufacturing,Retail",,,
cxl.menu,available,60,7%,3,Mathematics,,,
cxxxv.menu,available,60,2%,5,Mathematics,,,
clxxv.menu,available,60,1%,5,Mathematics,,,
clxxx.menu,available,60,1%,5,Mathematics,,,
adnate.menu,available,60,1%,6,"Agriculture,Manufacturing,Retail",,,
paunchy.menu,available,60,0%,7,"Health and Fitness,Medicine",,,
cxxv.menu,available,60,1%,4,Mathematics,,,
clxx.menu,available,60,3%,4,Mathematics,,,
tercet.menu,available,59,2%,6,"Arts,Entertainment,Media",,,
acyclic.menu,available,58,4%,7,"Engineering,Mathematics,Science",,,
pentad.menu,available,58,2%,6,Mathematics,,,
accretive.menu,available,58,6%,9,"Banking,Finance,Insurance",,,
quintet.menu,available,58,8%,7,"Arts,Entertainment",,,
hexad.menu,available,58,4%,5,Mathematics,,,
adient.menu,available,58,4%,6,"Medicine,Science",,,
niner.menu,available,58,5%,5,Mathematics,,,
fourth.menu,available,58,13%,6,Mathematics,,,
aucourant.menu,available,58,3%,10,"Fashion,Media",,,
lxxviii.menu,available,58,1%,7,Mathematics,,,
addressed.menu,available,58,3%,9,"Business,Technology,Telecommunications",,,
octad.menu,available,58,5%,5,Mathematics,,,
fifth.menu,available,58,12%,5,Mathematics,,,
tetrad.menu,available,58,5%,6,Mathematics,,,
closeto.menu,available,58,3%,8,"Business,Media,Technology",,,
lxxx.menu,available,58,2%,4,Mathematics,,,
sixtyone.menu,available,58,3%,9,Mathematics,,,
addible.menu,available,58,2%,7,"Engineering,Mathematics,Science",,,
centesimal.menu,available,58,1%,10,Mathematics,,,
fourscore.menu,available,58,4%,9,Mathematics,,,
eighter.menu,available,58,2%,7,Mathematics,,,
offhanded.menu,available,58,1%,9,Entertainment,,,
acetic.menu,available,58,1%,6,"Food and Beverage,Science",,,
adjustive.menu,available,58,1%,9,"Manufacturing,Retail,Technology",,,
heptad.menu,available,58,1%,6,Mathematics,,,
linear.menu,available,58,22%,6,"Engineering,Mathematics,Science",,,
abridged.menu,available,58,4%,8,Media,,,
sixer.menu,available,58,5%,5,Sports,,,
abuzz.menu,available,58,5%,5,"Entertainment,Media,Technology",,,
accoutred.menu,available,58,1%,9,"Fashion,Manufacturing,Retail",,,
abused.menu,available,58,5%,6,"Healthcare,Law",,,
actuarial.menu,available,58,8%,9,"Finance,Insurance,Mathematics",,,
adhoc.menu,expired,58,24%,6,"Business,Engineering,Technology",23/07/2019 11:00,23/07/2025 11:00,Key-Systems LLC
justabout.menu,available,58,3%,10,"Business,Media,Technology",,,
accented.menu,available,58,3%,8,"Arts,Entertainment",,,
twelfth.menu,available,58,2%,7,Mathematics,,,
abandoned.menu,available,58,10%,9,"Construction,Real Estate",,,
seventy.menu,available,58,7%,7,Mathematics,,,
alacarte.menu,available,58,11%,10,Food and Beverage,,,
cypher.menu,available,58,29%,6,Mathematics,,,
ache.menu,available,58,7%,4,Healthcare,,,
enwrapped.menu,available,58,0%,9,"Entertainment,Fashion,Media",,,
seven.menu,available,58,36%,5,Mathematics,,,
sextuplet.menu,available,58,1%,9,Healthcare,,,
accoutered.menu,available,56,0%,10,"Fashion,Manufacturing,Retail",,,
abeyant.menu,available,56,1%,7,"Business,Law",,,
xxxiii.menu,available,56,2%,6,Mathematics,,,
xxxv.menu,available,56,4%,4,Mathematics,,,
xxviii.menu,available,56,1%,6,Mathematics,,,
xxxii.menu,available,56,1%,5,Mathematics,,,
fortysix.menu,available,56,3%,9,Mathematics,,,
terzetto.menu,available,56,3%,8,Arts,,,
xxiii.menu,available,56,5%,5,Mathematics,,,
xliv.menu,available,56,2%,4,Mathematics,,,
lii.menu,available,56,7%,3,Mathematics,,,
fortynine.menu,available,56,3%,10,Mathematics,,,
triad.menu,available,56,15%,5,Arts,,,
fortytwo.menu,available,56,17%,9,Mathematics,,,
xliii.menu,available,56,1%,5,Mathematics,,,
xxvii.menu,available,56,3%,5,Mathematics,,,
fiftytwo.menu,available,56,6%,9,Mathematics,,,
admissive.menu,available,56,1%,9,"Education,Healthcare,Hospitality",,,
aone.menu,available,56,15%,5,Food and Beverage,,,
lviii.menu,available,56,1%,5,Mathematics,,,
xxxvi.menu,available,56,1%,5,Mathematics,,,
xlviii.menu,available,56,1%,6,Mathematics,,,
xxxiv.menu,available,56,1%,5,Mathematics,,,
fortyone.menu,available,56,4%,9,Mathematics,,,
xxxviii.menu,available,56,1%,7,Mathematics,,,
xxxi.menu,available,56,9%,4,Mathematics,,,
xlvi.menu,available,56,3%,4,Mathematics,,,
liii.menu,available,56,4%,4,Mathematics,,,
thirtyone.menu,available,56,5%,10,Mathematics,,,
fiftysix.menu,available,56,4%,9,Mathematics,,,
xli.menu,available,56,5%,3,Mathematics,,,
ilx.menu,available,56,5%,3,Mathematics,,,
thirtysix.menu,available,56,5%,10,Mathematics,,,
lvii.menu,available,56,1%,4,Mathematics,,,
fiftyfive.menu,available,56,7%,10,Mathematics,,,
lvi.menu,available,56,8%,3,Mathematics,,,
xlvii.menu,available,56,2%,5,Mathematics,,,
appressed.menu,available,56,0%,9,"Agriculture,Manufacturing,Retail",,,
xxxvii.menu,available,56,2%,6,Mathematics,,,
xlii.menu,available,56,5%,4,Mathematics,,,
fiftynine.menu,available,56,4%,10,Mathematics,,,
admittable.menu,available,56,1%,10,"Education,Healthcare,Hospitality",,,
halfdozen.menu,available,56,1%,10,Mathematics,,,
maledict.menu,available,56,1%,8,Religion,,,
xxiv.menu,available,56,5%,4,Mathematics,,,
thirtytwo.menu,available,56,5%,10,Mathematics,,,
xxix.menu,available,56,4%,4,Mathematics,,,
addled.menu,available,56,2%,6,Entertainment,,,
admittible.menu,available,56,1%,10,"Education,Healthcare,Hospitality",,,
potbellied.menu,available,56,0%,10,"Health and Fitness,Medicine",,,
abdominous.menu,available,56,0%,10,"Health and Fitness,Medicine",,,
fiftyone.menu,available,56,7%,9,Mathematics,,,
xlv.menu,available,56,6%,3,Mathematics,,,
fiftyfour.menu,available,56,3%,10,Mathematics,,,
abasic.menu,available,54,1%,6,Science,,,
adjuratory.menu,available,54,0%,10,"Law,Politics,Religion",,,
fin.menu,available,54,30%,3,Finance,,,
iii.menu,available,54,24%,3,Mathematics,,,
topnotch.menu,available,54,18%,8,Business,,,
abatic.menu,available,54,1%,6,Science,,,
accursed.menu,available,54,3%,8,"Entertainment,Media,Religion",,,
abient.menu,available,54,1%,6,Science,,,
quaternion.menu,available,54,6%,10,Mathematics,,,
abatable.menu,available,54,1%,8,Law,,,
adducent.menu,available,54,1%,8,"Engineering,Mathematics,Science",,,
quintuplet.menu,available,54,1%,10,"Healthcare,Medicine,Science",,,
adpressed.menu,available,54,0%,9,"Agriculture,Manufacturing,Retail",,,
adducting.menu,available,54,1%,9,"Engineering,Mathematics,Science",,,
abhorrent.menu,available,54,1%,9,Humanities,,,
accentual.menu,available,54,3%,9,"Arts,Entertainment",,,
monitory.menu,available,54,3%,8,"Business,Education,Healthcare",,,
acoustical.menu,available,54,4%,10,Science,,,
ternion.menu,available,54,3%,7,Mathematics,,,
abaxial.menu,available,54,1%,7,Science,,,
aboral.menu,available,54,2%,6,Science,,,
achy.menu,available,54,3%,4,Healthcare,,,
scratchy.menu,available,54,3%,8,Fashion,,,
achromatic.menu,available,54,4%,10,Science,,,
viii.menu,available,54,6%,4,Mathematics,,,
quaternity.menu,available,54,4%,10,Mathematics,,,
adaxial.menu,available,54,2%,7,Science,,,
abducens.menu,available,54,1%,8,Medicine,,,
twoscore.menu,available,54,2%,8,Mathematics,,,
threescore.menu,available,54,1%,10,Mathematics,,,
admonitory.menu,available,54,0%,10,"Business,Education,Healthcare",,,
quatern.menu,available,54,2%,7,Mathematics,,,
actuated.menu,available,54,2%,8,"Automotive,Manufacturing,Technology",,,
sise.menu,available,54,5%,4,Mathematics,,,
unnatural.menu,available,54,4%,9,"Medicine,Science",,,
vii.menu,available,54,13%,3,Mathematics,,,
deuceace.menu,available,54,2%,9,Sports,,,
adductive.menu,available,54,0%,9,"Engineering,Mathematics,Science",,,
fortyfive.menu,available,54,4%,10,Mathematics,,,
quadruplet.menu,available,54,1%,10,"Healthcare,Medicine,Science",,,
deserted.menu,available,54,3%,8,"Hospitality,Real Estate",,,
septet.menu,available,53,1%,6,General,,,
xxx.menu,available,53,30%,3,"Arts,Entertainment,Media",,,
sestet.menu,available,53,1%,6,Arts,,,
xcviii.menu,available,52,1%,6,Mathematics,,,
xcvi.menu,available,52,2%,4,Mathematics,,,
lxxxvii.menu,available,52,1%,7,Mathematics,,,
xcii.menu,available,52,2%,4,Mathematics,,,
lxxxiv.menu,available,52,1%,6,Mathematics,,,
odious.menu,available,52,2%,6,"Entertainment,Humanities",,,
lxxxii.menu,available,52,1%,6,Mathematics,,,
lxviii.menu,available,52,1%,6,Mathematics,,,
xcv.menu,available,52,7%,3,Mathematics,,,
eightyone.menu,available,52,3%,10,Mathematics,,,
tierce.menu,available,52,3%,6,General,,,
lxxvi.menu,available,52,1%,5,Mathematics,,,
sixtytwo.menu,available,52,3%,9,Mathematics,,,
ninetysix.menu,available,52,4%,10,Mathematics,,,
lxxi.menu,available,52,1%,4,Mathematics,,,
lxxvii.menu,available,52,2%,6,Mathematics,,,
sixtyfive.menu,available,52,3%,10,Mathematics,,,
lxvi.menu,available,52,3%,4,Mathematics,,,
littlejoe.menu,available,52,2%,10,"Entertainment,Media",,,
lxxxi.menu,available,52,1%,5,Mathematics,,,
repulsive.menu,available,52,1%,9,Humanities,,,
sixtysix.menu,available,52,4%,9,Mathematics,,,
lxxxv.menu,available,52,1%,5,Mathematics,,,
abysmal.menu,available,52,4%,7,"Arts,Entertainment,Media",,,
chagrined.menu,available,52,1%,9,Humanities,,,
eightytwo.menu,available,52,4%,10,Mathematics,,,
lxxiv.menu,available,52,1%,5,Mathematics,,,
lxii.menu,available,52,1%,4,Mathematics,,,
lxxxiii.menu,available,52,1%,7,Mathematics,,,
ixl.menu,available,52,9%,3,Mathematics,,,
lxxv.menu,available,52,1%,4,Mathematics,,,
abusive.menu,available,52,3%,7,"Healthcare,Law",,,
lxiv.menu,available,52,3%,4,Mathematics,,,
xciii.menu,available,52,1%,5,Mathematics,,,
repugnant.menu,available,52,1%,9,Humanities,,,
sixtyfour.menu,available,52,3%,10,Mathematics,,,
detestable.menu,available,52,1%,10,Humanities,,,
lxxii.menu,available,52,1%,5,Mathematics,,,
ninetytwo.menu,available,52,4%,10,Mathematics,,,
xciv.menu,available,52,2%,4,Mathematics,,,
xci.menu,available,52,4%,3,Mathematics,,,
decumbent.menu,available,52,1%,9,"Healthcare,Medicine,Science",,,
adenoidal.menu,available,52,1%,9,"Health and Fitness,Medicine,Science",,,
ixc.menu,available,52,5%,3,Mathematics,,,
ninetyone.menu,available,52,5%,10,Mathematics,,,
xcvii.menu,available,52,1%,5,Mathematics,,,
ablated.menu,available,52,1%,7,Science,,,
uphill.menu,available,52,7%,6,"Sports,Transportation,Travel",,,
lxi.menu,available,52,5%,3,Mathematics,,,
aboulic.menu,available,52,1%,7,Medicine,,,
abstruse.menu,available,52,5%,8,"Humanities,Mathematics,Science",,,
abominable.menu,available,52,2%,10,"Entertainment,Humanities",,,
lxv.menu,available,52,5%,3,Mathematics,,,
lxvii.menu,available,52,1%,5,Mathematics,,,
lxxxvi.menu,available,52,1%,6,Mathematics,,,
lxiii.menu,available,52,2%,5,Mathematics,,,
lxxiii.menu,available,52,1%,6,Mathematics,,,
acetous.menu,available,50,1%,7,Science,,,
trine.menu,available,50,11%,5,"General,Religion",,,
acapnic.menu,available,50,0%,7,"Healthcare,Medicine,Science",,,
quint.menu,available,50,13%,5,"Arts,Entertainment",,,
abdicable.menu,available,50,0%,9,Law,,,
acellular.menu,available,50,1%,9,Science,,,
gillless.menu,available,50,0%,9,Science,,,
aborticide.menu,available,50,0%,10,Medicine,,,
abomasal.menu,available,50,0%,8,Agriculture,,,
acquitted.menu,available,50,1%,9,Law,,,
triplet.menu,available,50,8%,7,Science,,,
needlelike.menu,available,50,0%,10,"Engineering,Medicine,Science",,,
acerose.menu,available,50,1%,7,Science,,,
acetose.menu,available,50,1%,7,Science,,,
scummy.menu,available,50,1%,6,Humanities,,,
abducting.menu,available,50,0%,9,Medicine,,,
abactinal.menu,available,50,0%,9,Science,,,
acapnotic.menu,available,50,0%,9,"Healthcare,Medicine,Science",,,
broached.menu,available,50,0%,8,Food and Beverage,,,
acerb.menu,available,50,2%,5,Science,,,
abranchial.menu,available,50,0%,10,Science,,,
spinous.menu,available,50,1%,7,"Agriculture,Science",,,
aculeated.menu,available,50,0%,9,"Engineering,Medicine,Science",,,
acerbic.menu,available,50,2%,7,"Arts,Humanities,Media",,,
acaudal.menu,available,50,1%,7,"Agriculture,Science",,,
adactylous.menu,available,50,0%,10,Science,,,
cinque.menu,available,50,7%,6,Mathematics,,,
adhominem.menu,available,50,2%,10,"Humanities,Law,Politics",,,
ogdoad.menu,available,50,1%,6,Mathematics,,,
lxx.menu,available,50,5%,3,Mathematics,,,
abbatial.menu,available,50,0%,8,Religion,,,
vinegary.menu,available,50,1%,8,Food and Beverage,,,
notguilty.menu,available,48,5%,10,Law,,,
ilxx.menu,available,48,1%,4,Mathematics,,,
abstracted.menu,available,48,5%,10,"Arts,Humanities,Science",,,
apriori.menu,available,48,13%,8,Mathematics,,,
ilxxx.menu,available,48,1%,5,Mathematics,,,
lxxxviii.menu,available,48,1%,8,Mathematics,,,
execrable.menu,available,48,0%,9,"Entertainment,Humanities",,,
abyssal.menu,available,48,12%,7,"Arts,Entertainment,Media",,,
acicular.menu,available,46,2%,8,Science,,,
acapnial.menu,available,46,0%,8,"Healthcare,Medicine,Science",,,
achenial.menu,available,46,1%,8,Science,,,
acanthoid.menu,available,46,1%,9,"Agriculture,Science",,,
achromous.menu,available,46,1%,9,Science,,,
cotyloid.menu,available,46,1%,8,Science,,,
achromic.menu,available,46,2%,8,Science,,,
stemless.menu,available,46,2%,8,"Agriculture,Science",,,
acanthotic.menu,available,46,0%,10,"Agriculture,Science",,,
acetonic.menu,available,46,1%,8,Science,,,
acanthous.menu,available,46,0%,9,"Agriculture,Science",,,
acaudate.menu,available,46,1%,8,"Agriculture,Science",,,
acheronian.menu,available,46,1%,10,Humanities,,,
acetabular.menu,available,46,1%,10,Science,,,
acetylic.menu,available,46,1%,8,Science,,,
acetylenic.menu,available,46,1%,10,Science,,,
acarpelous.menu,available,46,0%,10,"Agriculture,Science",,,
vinegarish.menu,available,46,1%,10,Food and Beverage,,,
acephalous.menu,available,46,1%,10,Science,,,
stripling.menu,available,46,2%,9,"Education,Entertainment,Healthcare",,,
acarpous.menu,available,46,0%,8,"Agriculture,Science",,,
quaternary.menu,available,46,3%,10,Mathematics,,,
theabsurd.menu,available,46,1%,10,"Arts,Entertainment,Media",,,
cotyloidal.menu,available,44,1%,10,Science,,,
accusatory.menu,available,44,1%,10,Law,,,
acherontic.menu,available,44,1%,10,Humanities,,,
abscessed.menu,available,41,0%,9,Healthcare,,,
phoebe.menu,available,41,14%,6,Science,,,
scurrilous.menu,available,40,1%,10,"Entertainment,Media,Politics",,,
accusive.menu,available,40,1%,8,Law,,,
accurst.menu,available,40,1%,7,Religion,,,